"m_age","sd_age","m_baseline_tobacco_history","sd_baseline_tobacco_history","m_income","sd_income"
45.2918699186992,11.192690775797,13.9918699186992,8.66072341558722,4.55752212389381,3.04119940242493
