"m_age","sd_age","m_baseline_tobacco_history","sd_baseline_tobacco_history","m_income","sd_income"
45.2918699186992,11.192690775797,13.965811965812,8.414818235105,4.55752212389381,3.04119940242493
